{
  "1": {
    "root": [
      0.8028800630713723,
      0.19711993692862764
    ],
    "pb": [
      0.9999953580254475,
      4.6419745525646015e-06
    ],
    "p": [
      0.6627232947905609,
      0.3372767052094392
    ],
    "b": [
      0.9999774147406459,
      2.258525935406158e-05
    ]
  },
  "3": {
    "p": [
      7.480326740672033e-06,
      0.9999925196732593
    ],
    "b": [
      7.480326740672033e-06,
      0.9999925196732593
    ],
    "root": [
      0.3997072855024736,
      0.6002927144975264
    ],
    "pb": [
      9.41840894684376e-06,
      0.9999905815910531
    ]
  },
  "2": {
    "root": [
      0.9997425501379253,
      0.00025744986207468115
    ],
    "pb": [
      0.46761470947537576,
      0.5323852905246242
    ],
    "p": [
      0.999914729987106,
      8.527001289405983e-05
    ],
    "b": [
      0.6602374614836289,
      0.3397625385163711
    ]
  }
}